Credito,PI,SP,EI
CRED_0001,0.0999,0.3111,1464022
CRED_0002,0.2382,0.5251,3851250
CRED_0003,0.1857,0.7238,1002246
CRED_0004,0.1537,0.6393,69675
CRED_0005,0.0474,0.6839,123997
CRED_0006,0.0474,0.5953,1017561
CRED_0007,0.0239,0.6154,2048671
CRED_0008,0.2179,0.7095,536799
CRED_0009,0.1543,0.3498,4999982
CRED_0010,0.1799,0.4937,2288057
CRED_0011,0.0149,0.3327,4514344
CRED_0012,0.2428,0.7926,2459029
CRED_0013,0.2098,0.7664,3971451
CRED_0014,0.061,0.2237,616088
CRED_0015,0.0536,0.6233,1812999
CRED_0016,0.054,0.7551,708003
CRED_0017,0.083,0.3083,2450081
CRED_0018,0.1359,0.5408,855113
CRED_0019,0.1137,0.7493,2513160
CRED_0020,0.0799,0.2204,983396
CRED_0021,0.1568,0.6185,3212801
CRED_0022,0.0435,0.3784,4084464
CRED_0023,0.0801,0.7546,1653546
CRED_0024,0.0979,0.7826,2142101
CRED_0025,0.1195,0.7666,2009310
CRED_0026,0.1984,0.4845,1506081
CRED_0027,0.0579,0.7172,165359
CRED_0028,0.1334,0.7067,2213859
CRED_0029,0.1522,0.3915,4495655
CRED_0030,0.0211,0.6973,3785444
CRED_0031,0.1558,0.2222,3591483
CRED_0032,0.0509,0.5578,2642631
CRED_0033,0.0256,0.338,1734351
CRED_0034,0.2377,0.2723,1562760
CRED_0035,0.2418,0.2462,1512436
CRED_0036,0.204,0.6178,3607689
CRED_0037,0.0831,0.4039,4496228
CRED_0038,0.0334,0.6349,2930593
CRED_0039,0.1742,0.2392,1913236
CRED_0040,0.1156,0.3892,2396582
CRED_0041,0.0393,0.5237,3623465
CRED_0042,0.1288,0.6744,3817255
CRED_0043,0.0183,0.3913,1649792
CRED_0044,0.2282,0.5755,4524770
CRED_0045,0.0721,0.7316,500930
CRED_0046,0.169,0.5695,4797647
CRED_0047,0.0848,0.3398,2452187
CRED_0048,0.1348,0.2146,3548408
CRED_0049,0.1412,0.7221,2415600
CRED_0050,0.0544,0.2128,3727361
CRED_0051,0.2427,0.7248,3088915
CRED_0052,0.196,0.5174,141006
CRED_0053,0.2355,0.7634,4201785
CRED_0054,0.2248,0.6793,4128584
CRED_0055,0.1535,0.7988,4373654
CRED_0056,0.2312,0.4104,738725
CRED_0057,0.0312,0.6603,2953030
CRED_0058,0.057,0.4412,838768
CRED_0059,0.0209,0.4879,256487
CRED_0060,0.0881,0.5765,3687820
CRED_0061,0.1033,0.7242,3334321
CRED_0062,0.0751,0.7905,728841
CRED_0063,0.2089,0.661,2989302
CRED_0064,0.0956,0.4507,3502501
CRED_0065,0.0774,0.4528,95232
CRED_0066,0.1402,0.6425,2495840
CRED_0067,0.0438,0.3433,1429904
CRED_0068,0.2025,0.2663,3899033
CRED_0069,0.0279,0.4128,1487188
CRED_0070,0.2469,0.3723,1706321
CRED_0071,0.1953,0.3778,588645
CRED_0072,0.0577,0.3402,1621951
CRED_0073,0.0113,0.2253,4575121
CRED_0074,0.2057,0.2107,2879455
CRED_0075,0.1796,0.7926,2553292
CRED_0076,0.185,0.4567,2240421
CRED_0077,0.1951,0.4306,3416823
CRED_0078,0.0278,0.6078,2660469
CRED_0079,0.096,0.331,2217354
CRED_0080,0.0378,0.77,1147353
CRED_0081,0.2171,0.6718,4435010
CRED_0082,0.1596,0.2536,4868750
CRED_0083,0.0894,0.4505,874255
CRED_0084,0.0253,0.7275,3521750
CRED_0085,0.0846,0.7668,4525156
CRED_0086,0.088,0.4804,2815331
CRED_0087,0.1851,0.568,638158
CRED_0088,0.163,0.3002,2680723
CRED_0089,0.2229,0.7947,3881661
CRED_0090,0.1233,0.339,915139
CRED_0091,0.0387,0.7656,1628638
CRED_0092,0.1812,0.5898,3816484
CRED_0093,0.1926,0.5646,2951717
CRED_0094,0.1447,0.5076,2261738
CRED_0095,0.195,0.3384,339768
CRED_0096,0.1285,0.3059,2689929
CRED_0097,0.1355,0.3323,3183211
CRED_0098,0.1126,0.3119,2318185
CRED_0099,0.0161,0.6678,3277544
CRED_0100,0.0359,0.4101,1776199
CRED_0101,0.0175,0.2347,4520013
CRED_0102,0.1627,0.7815,4418327
CRED_0103,0.0854,0.7303,493945
CRED_0104,0.1321,0.7567,71253
CRED_0105,0.2278,0.7969,3653110
CRED_0106,0.0698,0.3043,2326787
CRED_0107,0.1085,0.4377,2304614
CRED_0108,0.1913,0.6549,3902666
CRED_0109,0.0649,0.6176,1000162
CRED_0110,0.0285,0.2923,1324634
CRED_0111,0.0795,0.6895,2805063
CRED_0112,0.0487,0.3347,1278807
CRED_0113,0.2331,0.3343,172775
CRED_0114,0.2039,0.5222,4564276
CRED_0115,0.162,0.5558,4513158
CRED_0116,0.2192,0.5481,464600
CRED_0117,0.2029,0.2549,2319070
CRED_0118,0.0548,0.7265,4463359
CRED_0119,0.2242,0.3594,2083901
CRED_0120,0.1394,0.2777,2881569
CRED_0121,0.2038,0.7332,1498763
CRED_0122,0.2251,0.7734,2569507
CRED_0123,0.0863,0.7173,1306715
CRED_0124,0.0364,0.6857,130257
CRED_0125,0.0647,0.5931,1576534
CRED_0126,0.1125,0.5305,874143
CRED_0127,0.2063,0.2522,3064938
CRED_0128,0.2166,0.4451,3852986
CRED_0129,0.0117,0.4236,4772727
CRED_0130,0.1326,0.3559,421616
CRED_0131,0.1102,0.6341,2010155
CRED_0132,0.0633,0.4975,3674064
CRED_0133,0.0388,0.2486,825158
CRED_0134,0.091,0.3321,2760527
CRED_0135,0.2363,0.61,1818967
CRED_0136,0.0876,0.2457,966383
CRED_0137,0.1345,0.7107,329215
CRED_0138,0.1787,0.4971,2893236
CRED_0139,0.0973,0.4884,3787859
CRED_0140,0.2432,0.5554,323349
CRED_0141,0.241,0.6948,4168893
CRED_0142,0.0704,0.4087,2010584
CRED_0143,0.1293,0.6068,3783003
CRED_0144,0.0822,0.5394,1466207
CRED_0145,0.0784,0.3602,628688
CRED_0146,0.0189,0.7272,4276156
CRED_0147,0.1563,0.6785,2524653
CRED_0148,0.1306,0.5951,3252209
CRED_0149,0.0224,0.7103,4277995
CRED_0150,0.0769,0.7204,4638645
CRED_0151,0.228,0.625,582726
CRED_0152,0.0675,0.7022,4002255
CRED_0153,0.0448,0.6185,3867242
CRED_0154,0.1275,0.6081,289968
CRED_0155,0.2466,0.5712,338963
CRED_0156,0.0681,0.6516,2642536
CRED_0157,0.1713,0.2952,3025635
CRED_0158,0.1928,0.7285,3351017
CRED_0159,0.067,0.7231,569165
CRED_0160,0.1848,0.2175,4464084
CRED_0161,0.0983,0.6955,3490866
CRED_0162,0.1618,0.2773,3928363
CRED_0163,0.162,0.4011,3293484
CRED_0164,0.1386,0.6461,3074243
CRED_0165,0.0317,0.2965,1077557
CRED_0166,0.2105,0.6908,2046170
CRED_0167,0.087,0.6993,3938577
CRED_0168,0.0548,0.5045,1256123
CRED_0169,0.0198,0.2038,1666596
CRED_0170,0.1518,0.3722,1835559
CRED_0171,0.1726,0.5702,358449
CRED_0172,0.014,0.7887,3897125
CRED_0173,0.1329,0.5791,583634
CRED_0174,0.0644,0.3559,3982747
CRED_0175,0.1648,0.5804,240237
CRED_0176,0.0518,0.524,906047
CRED_0177,0.1758,0.6679,4673636
CRED_0178,0.1028,0.2642,4465677
CRED_0179,0.2348,0.6566,1456368
CRED_0180,0.043,0.5248,895474
CRED_0181,0.0919,0.7778,4615537
CRED_0182,0.0372,0.4051,1274744
CRED_0183,0.2319,0.5796,4912894
CRED_0184,0.2206,0.7592,3397769
CRED_0185,0.0719,0.2615,2181018
CRED_0186,0.1684,0.7623,3301128
CRED_0187,0.2061,0.6127,4679375
CRED_0188,0.1432,0.2407,3539429
CRED_0189,0.1371,0.3806,2558426
CRED_0190,0.068,0.6249,2581086
CRED_0191,0.0323,0.2404,344746
CRED_0192,0.2253,0.5493,4402892
CRED_0193,0.2261,0.4075,1752159
CRED_0194,0.1619,0.5725,3807985
CRED_0195,0.0914,0.2274,3852177
CRED_0196,0.0938,0.7229,2053426
CRED_0197,0.1842,0.7841,3401463
CRED_0198,0.2253,0.7813,173950
CRED_0199,0.2229,0.6498,4573942
CRED_0200,0.1972,0.2781,4844821
CRED_0201,0.1641,0.655,1203224
CRED_0202,0.0302,0.2148,4282851
CRED_0203,0.0488,0.2133,2700235
CRED_0204,0.2257,0.3942,4790039
CRED_0205,0.1555,0.4932,1790534
CRED_0206,0.0122,0.6622,3941839
CRED_0207,0.0344,0.61,1354766
CRED_0208,0.1692,0.4675,2353554
CRED_0209,0.0112,0.3642,3448147
CRED_0210,0.0486,0.7983,4998409
CRED_0211,0.1417,0.4557,4070120
CRED_0212,0.1761,0.4708,2996862
CRED_0213,0.1665,0.2982,2726517
CRED_0214,0.0638,0.6769,4357086
CRED_0215,0.1809,0.6162,677220
CRED_0216,0.0669,0.3325,493316
CRED_0217,0.0881,0.2494,3567741
CRED_0218,0.1892,0.6083,3506653
CRED_0219,0.1659,0.5927,525595
CRED_0220,0.2138,0.364,1515744
CRED_0221,0.1678,0.7705,1938806
CRED_0222,0.1464,0.2906,3294424
CRED_0223,0.0325,0.4594,2198091
CRED_0224,0.0983,0.7662,4011676
CRED_0225,0.0736,0.4518,1810462
CRED_0226,0.0686,0.5831,2288673
CRED_0227,0.2435,0.4386,1673154
CRED_0228,0.1043,0.3645,4108848
CRED_0229,0.2241,0.7904,3530826
CRED_0230,0.1615,0.4456,859178
CRED_0231,0.2008,0.7365,4827402
CRED_0232,0.1306,0.338,4720817
CRED_0233,0.1485,0.3279,2612605
CRED_0234,0.1282,0.2187,771037
CRED_0235,0.0569,0.591,3282244
CRED_0236,0.1834,0.4211,2849250
CRED_0237,0.0774,0.7186,1071469
CRED_0238,0.0158,0.4839,2431306
CRED_0239,0.1649,0.7809,2942371
CRED_0240,0.0525,0.3113,1862336
CRED_0241,0.2357,0.7212,4383848
CRED_0242,0.2389,0.666,513001
CRED_0243,0.2296,0.6626,3230246
CRED_0244,0.0988,0.7069,2201061
CRED_0245,0.0137,0.6566,4000511
CRED_0246,0.2328,0.5757,2872136
CRED_0247,0.1128,0.2787,565693
CRED_0248,0.242,0.2195,2686722
CRED_0249,0.2413,0.7525,289017
CRED_0250,0.2147,0.57,464994
CRED_0251,0.0807,0.6779,991768
CRED_0252,0.1024,0.4889,1890083
CRED_0253,0.2143,0.2704,1126941
CRED_0254,0.0861,0.2751,515982
CRED_0255,0.0507,0.6113,2588568
CRED_0256,0.1436,0.4582,323146
CRED_0257,0.2347,0.3203,1214795
CRED_0258,0.177,0.495,1439330
CRED_0259,0.1468,0.2385,2727747
CRED_0260,0.0333,0.5492,2459381
CRED_0261,0.1576,0.3614,4802820
CRED_0262,0.2476,0.6785,3620599
CRED_0263,0.0436,0.3862,2993295
CRED_0264,0.1344,0.4731,3333616
CRED_0265,0.2206,0.207,127175
CRED_0266,0.1878,0.2435,2735747
CRED_0267,0.1773,0.4355,2128808
CRED_0268,0.1786,0.488,1407453
CRED_0269,0.0963,0.56,3061786
CRED_0270,0.0805,0.375,145028
CRED_0271,0.2042,0.617,1608242
CRED_0272,0.2044,0.7161,4735754
CRED_0273,0.2181,0.6679,4369453
CRED_0274,0.2292,0.2238,4998008
CRED_0275,0.1327,0.4883,213834
CRED_0276,0.1304,0.263,2417555
CRED_0277,0.2016,0.3452,1279787
CRED_0278,0.166,0.792,3062359
CRED_0279,0.1785,0.2855,1375569
CRED_0280,0.201,0.4993,1466828
CRED_0281,0.2236,0.5709,2464165
CRED_0282,0.0911,0.6215,3258823
CRED_0283,0.1001,0.5358,3675654
CRED_0284,0.0326,0.2059,335711
CRED_0285,0.1488,0.3959,1173389
CRED_0286,0.0186,0.5106,625919
CRED_0287,0.1217,0.2527,3381106
CRED_0288,0.1402,0.4104,902746
CRED_0289,0.0788,0.2199,472381
CRED_0290,0.1518,0.2471,1026433
CRED_0291,0.0173,0.4382,4704548
CRED_0292,0.019,0.2796,2721252
CRED_0293,0.2074,0.5405,4950164
CRED_0294,0.0964,0.6137,1570943
CRED_0295,0.0405,0.6804,451067
CRED_0296,0.1353,0.3201,510796
CRED_0297,0.1948,0.3005,1054001
CRED_0298,0.0618,0.2627,362023
CRED_0299,0.1595,0.5819,3255599
CRED_0300,0.0305,0.6239,4736166
CRED_0301,0.0224,0.219,3227902
CRED_0302,0.1375,0.7617,805111
CRED_0303,0.1398,0.2312,2370715
CRED_0304,0.163,0.5248,2284805
CRED_0305,0.1843,0.6254,4354459
CRED_0306,0.2442,0.7226,1949054
CRED_0307,0.1339,0.6285,3507550
CRED_0308,0.0875,0.681,1600184
CRED_0309,0.2008,0.4037,4224482
CRED_0310,0.075,0.6889,3323523
CRED_0311,0.1154,0.2481,138668
CRED_0312,0.0288,0.7369,2884837
CRED_0313,0.0161,0.5286,3669348
CRED_0314,0.241,0.6904,1974914
CRED_0315,0.2106,0.4714,4060162
CRED_0316,0.177,0.5861,4797395
CRED_0317,0.1081,0.5158,2820742
CRED_0318,0.0516,0.639,2820374
CRED_0319,0.0475,0.249,3632299
CRED_0320,0.0701,0.2362,3095915
CRED_0321,0.1418,0.3483,320914
CRED_0322,0.1815,0.2957,4159803
CRED_0323,0.1684,0.7231,412455
CRED_0324,0.0772,0.3315,4524017
CRED_0325,0.2392,0.7855,1084586
CRED_0326,0.1871,0.4021,1796688
CRED_0327,0.143,0.3093,3150581
CRED_0328,0.1568,0.6738,2711637
CRED_0329,0.1107,0.5952,3722277
CRED_0330,0.0695,0.4989,2134504
CRED_0331,0.0954,0.5332,4207137
CRED_0332,0.1919,0.6315,2304736
CRED_0333,0.0135,0.3371,3071372
CRED_0334,0.0379,0.7978,2438229
CRED_0335,0.021,0.7849,3171881
CRED_0336,0.0198,0.5902,4904042
CRED_0337,0.2153,0.3197,2521378
CRED_0338,0.1789,0.6081,3880121
CRED_0339,0.1238,0.2433,3612944
CRED_0340,0.0335,0.2184,1403324
CRED_0341,0.128,0.3546,3422455
CRED_0342,0.1236,0.4776,4318173
CRED_0343,0.0516,0.721,919807
CRED_0344,0.1141,0.6363,4446720
CRED_0345,0.1056,0.6456,4120028
CRED_0346,0.1578,0.4553,2714496
CRED_0347,0.1624,0.4076,2922176
CRED_0348,0.0209,0.4226,1419277
CRED_0349,0.0999,0.7926,799971
CRED_0350,0.1602,0.2241,2643659
CRED_0351,0.1308,0.7202,4216233
CRED_0352,0.2156,0.5472,4510276
CRED_0353,0.1681,0.4632,4125837
CRED_0354,0.0491,0.6352,1392057
CRED_0355,0.0269,0.492,2283706
CRED_0356,0.1642,0.7241,535757
CRED_0357,0.0164,0.7404,2104376
CRED_0358,0.1506,0.453,2329176
CRED_0359,0.2357,0.3661,1235111
CRED_0360,0.1481,0.5554,2442919
CRED_0361,0.1032,0.7474,1550948
CRED_0362,0.1644,0.3264,4157834
CRED_0363,0.12,0.5738,2458630
CRED_0364,0.1409,0.5789,1644918
CRED_0365,0.236,0.6399,4718170
CRED_0366,0.1027,0.2789,2752994
CRED_0367,0.2407,0.6295,2754716
CRED_0368,0.2273,0.7454,4952444
CRED_0369,0.057,0.3078,242512
CRED_0370,0.0266,0.3425,3764379
CRED_0371,0.0342,0.7828,4435724
CRED_0372,0.0144,0.3086,4954948
CRED_0373,0.0327,0.7126,1599420
CRED_0374,0.1739,0.4954,2125915
CRED_0375,0.0271,0.3483,3398924
CRED_0376,0.0866,0.7224,3395647
CRED_0377,0.2128,0.4672,3950379
CRED_0378,0.0156,0.5089,3854409
CRED_0379,0.2055,0.4155,3014932
CRED_0380,0.0776,0.5558,697341
CRED_0381,0.0384,0.2981,1570982
CRED_0382,0.1772,0.4346,3379693
CRED_0383,0.1609,0.7816,4048422
CRED_0384,0.2206,0.3549,1251838
CRED_0385,0.1864,0.594,2214563
CRED_0386,0.2028,0.3951,4529825
CRED_0387,0.0777,0.6641,3635681
CRED_0388,0.0526,0.2785,4458285
CRED_0389,0.1901,0.7819,2434291
CRED_0390,0.2036,0.4723,2145588
CRED_0391,0.2477,0.3416,2705982
CRED_0392,0.109,0.2441,4254955
CRED_0393,0.0993,0.3019,3294967
CRED_0394,0.1963,0.5119,3035696
CRED_0395,0.0918,0.4022,487625
CRED_0396,0.2334,0.6973,3351106
CRED_0397,0.216,0.4585,1422070
CRED_0398,0.113,0.3492,2480721
CRED_0399,0.1902,0.5703,2643726
CRED_0400,0.1911,0.6241,4068280
CRED_0401,0.0347,0.3002,2592017
CRED_0402,0.2266,0.3006,4500252
CRED_0403,0.1313,0.222,1620057
CRED_0404,0.2083,0.6418,911069
CRED_0405,0.0868,0.5983,906626
CRED_0406,0.2249,0.4848,2211352
CRED_0407,0.1034,0.7065,156022
CRED_0408,0.0126,0.6834,2849131
CRED_0409,0.2273,0.5512,3257796
CRED_0410,0.0319,0.721,520529
CRED_0411,0.0866,0.3235,3033516
CRED_0412,0.238,0.2672,211445
CRED_0413,0.2381,0.3618,3884242
CRED_0414,0.1476,0.2343,3332831
CRED_0415,0.1616,0.5187,4468909
CRED_0416,0.1176,0.762,734029
CRED_0417,0.0804,0.2236,560370
CRED_0418,0.0889,0.2733,1802374
CRED_0419,0.1714,0.4713,4465276
CRED_0420,0.1906,0.7603,4049694
CRED_0421,0.2,0.3897,3358505
CRED_0422,0.1995,0.5043,258944
CRED_0423,0.0319,0.2249,2875494
CRED_0424,0.1287,0.289,1411303
CRED_0425,0.0238,0.792,4251765
CRED_0426,0.1419,0.7791,2944100
CRED_0427,0.116,0.203,4716805
CRED_0428,0.223,0.7711,1247162
CRED_0429,0.0942,0.5835,1096161
CRED_0430,0.0381,0.7208,4738482
CRED_0431,0.0443,0.4728,1829685
CRED_0432,0.1928,0.5094,1947501
CRED_0433,0.1584,0.4933,4804619
CRED_0434,0.0343,0.6001,723218
CRED_0435,0.0302,0.2838,3935250
CRED_0436,0.1782,0.218,653291
CRED_0437,0.0275,0.3848,4952059
CRED_0438,0.2072,0.6228,2711198
CRED_0439,0.1795,0.3211,2229431
CRED_0440,0.0295,0.6041,4259738
CRED_0441,0.0304,0.7819,769407
CRED_0442,0.2468,0.2563,2588143
CRED_0443,0.0998,0.6036,387913
CRED_0444,0.099,0.4663,3965770
CRED_0445,0.2051,0.7209,378821
CRED_0446,0.2373,0.3063,2230707
CRED_0447,0.2466,0.6156,1751243
CRED_0448,0.1908,0.7029,3937008
CRED_0449,0.1003,0.7668,1862375
CRED_0450,0.03,0.6099,3677447
CRED_0451,0.1965,0.4983,3665652
CRED_0452,0.144,0.5707,118803
CRED_0453,0.1118,0.7213,857744
CRED_0454,0.2275,0.5424,798736
CRED_0455,0.0367,0.2182,749539
CRED_0456,0.1282,0.7586,295404
CRED_0457,0.0127,0.6137,67297
CRED_0458,0.1225,0.6059,838443
CRED_0459,0.0235,0.3294,3705074
CRED_0460,0.0385,0.5953,3315962
CRED_0461,0.0382,0.4363,4812606
CRED_0462,0.1658,0.5907,3076394
CRED_0463,0.1891,0.264,1277146
CRED_0464,0.15,0.5947,2930304
CRED_0465,0.2409,0.7996,1383572
CRED_0466,0.1,0.2289,4755907
CRED_0467,0.0786,0.7863,665863
CRED_0468,0.2185,0.4441,4751669
CRED_0469,0.0637,0.7225,3815056
CRED_0470,0.2412,0.6694,3375315
CRED_0471,0.0129,0.5402,878791
CRED_0472,0.2428,0.6431,3870887
CRED_0473,0.0204,0.7271,2896274
CRED_0474,0.2239,0.4425,4889498
CRED_0475,0.1366,0.3962,4445564
CRED_0476,0.2483,0.6006,426794
CRED_0477,0.0277,0.6847,3928450
CRED_0478,0.1429,0.6574,3083349
CRED_0479,0.2426,0.6787,1571466
CRED_0480,0.1355,0.4613,2530252
CRED_0481,0.1611,0.6907,832877
CRED_0482,0.177,0.2721,4952825
CRED_0483,0.1191,0.5267,3935180
CRED_0484,0.1606,0.2035,3660793
CRED_0485,0.1502,0.3948,3349973
CRED_0486,0.2263,0.4199,3130977
CRED_0487,0.0209,0.4377,2349899
CRED_0488,0.0774,0.6173,2022424
CRED_0489,0.2381,0.4331,1386092
CRED_0490,0.2237,0.4692,900350
CRED_0491,0.1194,0.3425,3529027
CRED_0492,0.1588,0.424,3255228
CRED_0493,0.0766,0.3364,217647
CRED_0494,0.0551,0.2439,2383679
CRED_0495,0.1213,0.5621,485477
CRED_0496,0.0948,0.6009,1733523
CRED_0497,0.1501,0.5717,4246656
CRED_0498,0.0287,0.4781,4377308
CRED_0499,0.2439,0.4279,3010033
CRED_0500,0.2467,0.718,1631420
CRED_0501,0.1776,0.5114,836261
CRED_0502,0.1387,0.4875,3544708
CRED_0503,0.0843,0.2154,2878630
CRED_0504,0.2053,0.4047,4294402
CRED_0505,0.1743,0.4281,3129042
CRED_0506,0.049,0.4393,2812081
CRED_0507,0.2286,0.5481,176060
CRED_0508,0.2074,0.5202,4374848
CRED_0509,0.238,0.5647,2846461
CRED_0510,0.1842,0.6589,3127099
CRED_0511,0.1572,0.6878,2894180
CRED_0512,0.1104,0.6309,2671578
CRED_0513,0.2339,0.7733,4637878
CRED_0514,0.2179,0.2109,1722795
CRED_0515,0.0209,0.3175,4143886
CRED_0516,0.0163,0.2045,2304103
CRED_0517,0.1004,0.5885,2989362
CRED_0518,0.2045,0.7388,612060
CRED_0519,0.2469,0.3461,1556145
CRED_0520,0.0461,0.7562,2698202
CRED_0521,0.1526,0.2362,1242931
CRED_0522,0.1014,0.7607,4939084
CRED_0523,0.2428,0.411,921522
CRED_0524,0.2121,0.2609,1592247
CRED_0525,0.2112,0.4915,4422216
CRED_0526,0.1225,0.3541,2231906
CRED_0527,0.1096,0.3709,652276
CRED_0528,0.0756,0.3844,1550134
CRED_0529,0.0235,0.6818,2654884
CRED_0530,0.2175,0.5235,1755243
CRED_0531,0.2051,0.3868,4324692
CRED_0532,0.2499,0.5662,4072928
CRED_0533,0.2492,0.6297,289779
CRED_0534,0.1433,0.3636,3025605
CRED_0535,0.1946,0.4481,4938639
CRED_0536,0.2367,0.2731,838140
CRED_0537,0.2139,0.3087,3608539
CRED_0538,0.0694,0.6087,3796037
CRED_0539,0.1181,0.3089,2173238
CRED_0540,0.041,0.5151,4776276
CRED_0541,0.239,0.6254,4638727
CRED_0542,0.1555,0.2641,1668963
CRED_0543,0.0649,0.5404,640381
CRED_0544,0.1712,0.3539,2982235
CRED_0545,0.1584,0.7778,3733909
CRED_0546,0.096,0.4901,1589600
CRED_0547,0.0373,0.6836,2277503
CRED_0548,0.1712,0.5301,4282939
CRED_0549,0.1349,0.226,3120771
CRED_0550,0.1954,0.5799,1193647
CRED_0551,0.1348,0.7708,3661646
CRED_0552,0.2145,0.561,1466953
CRED_0553,0.1425,0.6915,2744245
CRED_0554,0.1446,0.7305,4172186
CRED_0555,0.2204,0.3368,471280
CRED_0556,0.1068,0.3272,959245
CRED_0557,0.0422,0.5666,391207
CRED_0558,0.0169,0.4466,1280746
CRED_0559,0.1912,0.7039,3339791
CRED_0560,0.1589,0.74,642632
CRED_0561,0.179,0.4121,4087106
CRED_0562,0.0611,0.3421,4805185
CRED_0563,0.0427,0.6683,4804896
CRED_0564,0.0135,0.3649,1522178
CRED_0565,0.0941,0.6936,1212189
CRED_0566,0.1516,0.4542,3920426
CRED_0567,0.1041,0.6005,464299
CRED_0568,0.115,0.2573,2431486
CRED_0569,0.227,0.5743,3726158
CRED_0570,0.0936,0.4711,4211900
CRED_0571,0.1334,0.552,175438
CRED_0572,0.1981,0.3008,3820183
CRED_0573,0.1052,0.6421,1967043
CRED_0574,0.1593,0.7177,2249391
CRED_0575,0.217,0.33,685719
CRED_0576,0.2379,0.2574,2851445
CRED_0577,0.0453,0.2142,858258
CRED_0578,0.2324,0.5852,4574474
CRED_0579,0.1281,0.5643,2914140
CRED_0580,0.072,0.528,3614462
CRED_0581,0.1202,0.3392,231948
CRED_0582,0.2452,0.4345,2632814
CRED_0583,0.1282,0.5567,3819457
CRED_0584,0.0889,0.4981,1256751
CRED_0585,0.162,0.7927,1003692
CRED_0586,0.0676,0.2819,267770
CRED_0587,0.0282,0.6171,4149906
CRED_0588,0.0409,0.4426,4886917
CRED_0589,0.0407,0.4569,2487245
CRED_0590,0.0465,0.6306,2752882
CRED_0591,0.0433,0.6155,1840008
CRED_0592,0.1638,0.7948,1876525
CRED_0593,0.0537,0.277,4563070
CRED_0594,0.093,0.2625,1388530
CRED_0595,0.2252,0.6346,4516951
CRED_0596,0.1238,0.547,2231913
CRED_0597,0.1702,0.3645,1528768
CRED_0598,0.0514,0.2477,1615213
CRED_0599,0.0561,0.2514,2813398
CRED_0600,0.0198,0.7365,738152
CRED_0601,0.0505,0.3151,452980
CRED_0602,0.0769,0.394,1088336
CRED_0603,0.0525,0.336,2928350
CRED_0604,0.0313,0.413,1218932
CRED_0605,0.039,0.2417,1499087
CRED_0606,0.1206,0.5114,2581528
CRED_0607,0.0595,0.2406,2158542
CRED_0608,0.0974,0.6802,987635
CRED_0609,0.1308,0.3402,3552626
CRED_0610,0.1757,0.524,1436689
CRED_0611,0.0194,0.728,3866126
CRED_0612,0.2019,0.5905,3116983
CRED_0613,0.1607,0.5198,2896230
CRED_0614,0.0296,0.3946,2168433
CRED_0615,0.2197,0.3998,4506397
CRED_0616,0.231,0.6017,3728621
CRED_0617,0.0247,0.7965,4606766
CRED_0618,0.0765,0.5971,1347991
CRED_0619,0.2035,0.5347,3781404
CRED_0620,0.1896,0.6384,1864188
CRED_0621,0.0543,0.4791,2157359
CRED_0622,0.0602,0.2361,268401
CRED_0623,0.0989,0.5374,1035132
CRED_0624,0.1263,0.7746,209292
CRED_0625,0.1584,0.3052,4741066
CRED_0626,0.0985,0.614,3217759
CRED_0627,0.121,0.3206,513937
CRED_0628,0.1894,0.5215,3014391
CRED_0629,0.0188,0.258,2731206
CRED_0630,0.0706,0.4702,1242097
CRED_0631,0.1812,0.6537,237771
CRED_0632,0.2248,0.4085,287199
CRED_0633,0.1328,0.5989,2907281
CRED_0634,0.1377,0.6773,2782481
CRED_0635,0.0357,0.7563,4884777
CRED_0636,0.1174,0.3408,2324316
CRED_0637,0.1378,0.4396,3652615
CRED_0638,0.0682,0.2914,1633214
CRED_0639,0.0746,0.7955,801518
CRED_0640,0.1005,0.7562,563313
CRED_0641,0.0148,0.524,3981586
CRED_0642,0.0873,0.7052,3264215
CRED_0643,0.0607,0.5126,3510989
CRED_0644,0.0886,0.5742,2382214
CRED_0645,0.0387,0.2535,2380229
CRED_0646,0.2237,0.6532,1913462
CRED_0647,0.1525,0.2766,704224
CRED_0648,0.173,0.6956,2300397
CRED_0649,0.1994,0.6692,2049284
CRED_0650,0.1296,0.6252,2051676
CRED_0651,0.0309,0.2217,1734532
CRED_0652,0.1389,0.3819,504418
CRED_0653,0.1508,0.3579,1522542
CRED_0654,0.1889,0.4161,4523014
CRED_0655,0.1136,0.2526,4906854
CRED_0656,0.0406,0.7622,612621
CRED_0657,0.0781,0.5323,3579801
CRED_0658,0.0971,0.3833,4858163
CRED_0659,0.165,0.4382,1648099
CRED_0660,0.147,0.4683,4244463
CRED_0661,0.0955,0.5604,3863233
CRED_0662,0.2468,0.5094,1261569
CRED_0663,0.1554,0.7516,4611307
CRED_0664,0.0669,0.4982,1245885
CRED_0665,0.0344,0.7953,1206083
CRED_0666,0.0467,0.7109,2024324
CRED_0667,0.069,0.3251,3948190
CRED_0668,0.0486,0.7584,3438445
CRED_0669,0.0548,0.2698,2792974
CRED_0670,0.0784,0.6905,3542099
CRED_0671,0.0516,0.4284,1329180
CRED_0672,0.2252,0.7268,3383178
CRED_0673,0.0293,0.7208,4581211
CRED_0674,0.1359,0.6836,2634182
CRED_0675,0.1085,0.674,1858286
CRED_0676,0.2458,0.3828,4649757
CRED_0677,0.0369,0.2486,4915313
CRED_0678,0.1055,0.4418,4413089
CRED_0679,0.2427,0.3041,2847921
CRED_0680,0.2177,0.617,4424142
CRED_0681,0.2061,0.4077,319160
CRED_0682,0.0719,0.7854,2619931
CRED_0683,0.051,0.5846,491904
CRED_0684,0.1705,0.6935,628526
CRED_0685,0.2331,0.2795,887393
CRED_0686,0.1436,0.7172,3395503
CRED_0687,0.1472,0.7537,864422
CRED_0688,0.0772,0.4922,784983
CRED_0689,0.1947,0.5638,2313429
CRED_0690,0.0549,0.6589,3185812
CRED_0691,0.0877,0.3049,4325115
CRED_0692,0.1121,0.5015,2926280
CRED_0693,0.1318,0.4392,2988687
CRED_0694,0.0682,0.2878,1466842
CRED_0695,0.0376,0.4205,2381256
CRED_0696,0.1565,0.2409,3739024
CRED_0697,0.0793,0.2155,4446650
CRED_0698,0.1495,0.2811,3752418
CRED_0699,0.047,0.7779,2331608
CRED_0700,0.1255,0.5297,3980010
CRED_0701,0.1378,0.7795,3691771
CRED_0702,0.0224,0.4595,4129441
CRED_0703,0.0908,0.3871,1010652
CRED_0704,0.0423,0.5037,2238370
CRED_0705,0.0252,0.4637,1598485
CRED_0706,0.2476,0.2634,1617343
CRED_0707,0.0874,0.5845,3375495
CRED_0708,0.2044,0.3296,3435744
CRED_0709,0.0711,0.5718,805612
CRED_0710,0.1736,0.5901,4044528
CRED_0711,0.1925,0.2912,2126475
CRED_0712,0.153,0.2368,2191912
CRED_0713,0.1232,0.6685,3194311
CRED_0714,0.1088,0.4759,335622
CRED_0715,0.0937,0.2349,2012889
CRED_0716,0.2331,0.7969,1956862
CRED_0717,0.2093,0.2347,4076390
CRED_0718,0.2416,0.617,1446436
CRED_0719,0.0398,0.7902,717540
CRED_0720,0.1854,0.3435,2245690
CRED_0721,0.2352,0.2853,1638236
CRED_0722,0.0535,0.2728,4755815
CRED_0723,0.026,0.382,3032410
CRED_0724,0.1879,0.2606,1454355
CRED_0725,0.1479,0.6153,2725480
CRED_0726,0.212,0.2374,3474083
CRED_0727,0.0435,0.5057,2514722
CRED_0728,0.2009,0.798,2951092
CRED_0729,0.0584,0.6884,2300229
CRED_0730,0.0493,0.5691,1572534
CRED_0731,0.0494,0.3838,1772907
CRED_0732,0.2055,0.5743,2565967
CRED_0733,0.1696,0.5162,4725112
CRED_0734,0.1355,0.4557,2920574
CRED_0735,0.0961,0.2784,2938939
CRED_0736,0.2205,0.732,4036280
CRED_0737,0.1042,0.4699,2094940
CRED_0738,0.206,0.3168,2149409
CRED_0739,0.1154,0.4207,3222382
CRED_0740,0.1005,0.4485,3931857
CRED_0741,0.121,0.6965,4587871
CRED_0742,0.0823,0.6402,341464
CRED_0743,0.1894,0.6616,4789400
CRED_0744,0.1307,0.2066,2723829
CRED_0745,0.0657,0.4497,168581
CRED_0746,0.2259,0.4888,3902256
CRED_0747,0.1021,0.2115,388540
CRED_0748,0.1405,0.3559,551590
CRED_0749,0.2276,0.6562,1468412
CRED_0750,0.1598,0.2823,3410492
CRED_0751,0.0381,0.5212,1680369
CRED_0752,0.2356,0.3291,922328
CRED_0753,0.1606,0.2073,4859479
CRED_0754,0.0904,0.3447,3160691
CRED_0755,0.0434,0.7855,1408097
CRED_0756,0.2006,0.6809,3350354
CRED_0757,0.1588,0.7757,1344315
CRED_0758,0.138,0.4927,2625508
CRED_0759,0.2245,0.2658,2426219
CRED_0760,0.1993,0.5288,1408311
CRED_0761,0.0464,0.4726,4560784
CRED_0762,0.0848,0.7066,1339467
CRED_0763,0.0696,0.2588,214074
CRED_0764,0.1885,0.4929,2620466
CRED_0765,0.018,0.29,3705180
CRED_0766,0.1468,0.3948,4533120
CRED_0767,0.193,0.6424,840645
CRED_0768,0.2204,0.4856,3337093
CRED_0769,0.0921,0.4255,1067481
CRED_0770,0.2071,0.4367,3644804
CRED_0771,0.0366,0.4757,112507
CRED_0772,0.2131,0.671,1155710
CRED_0773,0.0406,0.7353,2388377
CRED_0774,0.1053,0.7732,4437373
CRED_0775,0.2014,0.6721,856564
CRED_0776,0.046,0.3892,3968949
CRED_0777,0.065,0.6129,1659473
CRED_0778,0.1833,0.4626,1761952
CRED_0779,0.1828,0.3528,787954
CRED_0780,0.1639,0.7045,2958056
CRED_0781,0.1765,0.2231,757173
CRED_0782,0.1403,0.7411,4560579
CRED_0783,0.0704,0.4769,729447
CRED_0784,0.093,0.5823,1111404
CRED_0785,0.0536,0.5956,3030248
CRED_0786,0.228,0.7371,2663987
CRED_0787,0.15,0.582,2803913
CRED_0788,0.1062,0.5684,2585232
CRED_0789,0.1209,0.24,2428907
CRED_0790,0.2373,0.511,4582688
CRED_0791,0.0468,0.2901,2879915
CRED_0792,0.1507,0.6425,2413162
CRED_0793,0.1314,0.5073,4931909
CRED_0794,0.1567,0.6081,965113
CRED_0795,0.0143,0.225,2742794
CRED_0796,0.2193,0.2509,2261549
CRED_0797,0.2337,0.6298,2395704
CRED_0798,0.1456,0.2433,4631025
CRED_0799,0.1772,0.2428,473332
CRED_0800,0.2314,0.2073,342575
CRED_0801,0.1797,0.7739,1509700
CRED_0802,0.0466,0.6425,79336
CRED_0803,0.1483,0.412,3251078
CRED_0804,0.1556,0.3779,1692425
CRED_0805,0.1118,0.4098,2657622
CRED_0806,0.1867,0.6648,1936963
CRED_0807,0.2342,0.5968,2822605
CRED_0808,0.2321,0.3111,1497947
CRED_0809,0.1182,0.3045,4226426
CRED_0810,0.0372,0.259,3906756
CRED_0811,0.2464,0.5962,1548339
CRED_0812,0.2113,0.6586,726296
CRED_0813,0.0399,0.359,429039
CRED_0814,0.231,0.2126,578714
CRED_0815,0.2188,0.2493,2961190
CRED_0816,0.1345,0.7807,4685352
CRED_0817,0.1519,0.3773,602439
CRED_0818,0.1058,0.6615,4192535
CRED_0819,0.0231,0.5748,323452
CRED_0820,0.0904,0.4292,828883
CRED_0821,0.2027,0.3234,4421047
CRED_0822,0.0111,0.2728,4993772
CRED_0823,0.09,0.569,2239921
CRED_0824,0.1056,0.6648,3248156
CRED_0825,0.139,0.5863,4872139
CRED_0826,0.2308,0.5182,812371
CRED_0827,0.0931,0.2252,3307945
CRED_0828,0.0933,0.7811,3818950
CRED_0829,0.187,0.6792,192980
CRED_0830,0.1185,0.3757,4746671
CRED_0831,0.0639,0.788,2484003
CRED_0832,0.1186,0.5611,307354
CRED_0833,0.0438,0.5495,3256943
CRED_0834,0.0523,0.6488,1967160
CRED_0835,0.1296,0.6871,3365258
CRED_0836,0.1105,0.5939,4421545
CRED_0837,0.2296,0.2769,2285883
CRED_0838,0.097,0.403,2600982
CRED_0839,0.1493,0.7569,814265
CRED_0840,0.1617,0.3348,358617
CRED_0841,0.0131,0.4233,3030346
CRED_0842,0.1692,0.4592,794748
CRED_0843,0.0527,0.4636,3686562
CRED_0844,0.2407,0.5678,2104410
CRED_0845,0.0457,0.7658,2527748
CRED_0846,0.1095,0.3444,784275
CRED_0847,0.0305,0.2729,1347819
CRED_0848,0.2492,0.3185,1084186
CRED_0849,0.1305,0.7322,648506
CRED_0850,0.1529,0.5875,606718
CRED_0851,0.0261,0.3715,1646853
CRED_0852,0.19,0.6896,402414
CRED_0853,0.0604,0.7168,3013944
CRED_0854,0.2255,0.7079,2397693
CRED_0855,0.0592,0.7514,2813545
CRED_0856,0.0558,0.3513,3566144
CRED_0857,0.0188,0.653,3998401
CRED_0858,0.1233,0.4763,174932
CRED_0859,0.1456,0.7052,318083
CRED_0860,0.0258,0.6371,1801498
CRED_0861,0.1961,0.6659,3927809
CRED_0862,0.1188,0.5937,4926709
CRED_0863,0.1359,0.3065,1608426
CRED_0864,0.1158,0.527,3280431
CRED_0865,0.1062,0.7908,2642316
CRED_0866,0.1443,0.7624,339220
CRED_0867,0.0473,0.2259,4026765
CRED_0868,0.0537,0.2989,1445285
CRED_0869,0.2168,0.279,4726029
CRED_0870,0.2371,0.6356,2972705
CRED_0871,0.0996,0.6907,2714749
CRED_0872,0.075,0.3281,4049453
CRED_0873,0.1646,0.5035,1456978
CRED_0874,0.1081,0.7044,2971989
CRED_0875,0.0161,0.6397,1034156
CRED_0876,0.0475,0.5253,3763543
CRED_0877,0.1818,0.5542,913659
CRED_0878,0.1681,0.505,4993082
CRED_0879,0.0165,0.3785,2287035
CRED_0880,0.0633,0.539,1253920
CRED_0881,0.0655,0.6133,3158591
CRED_0882,0.1713,0.724,3660954
CRED_0883,0.0147,0.5818,797852
CRED_0884,0.035,0.6567,1206618
CRED_0885,0.202,0.296,3961147
CRED_0886,0.0529,0.4769,1157810
CRED_0887,0.1667,0.2056,862283
CRED_0888,0.0672,0.348,2964863
CRED_0889,0.0339,0.6359,1871367
CRED_0890,0.0684,0.7951,3422863
CRED_0891,0.1833,0.2595,2949033
CRED_0892,0.2154,0.4409,4582669
CRED_0893,0.2093,0.68,1628315
CRED_0894,0.1053,0.3224,1399590
CRED_0895,0.1703,0.5331,3554438
CRED_0896,0.0592,0.6398,4630197
CRED_0897,0.0804,0.5696,3095529
CRED_0898,0.2251,0.3128,2275541
CRED_0899,0.0131,0.4132,2861139
CRED_0900,0.0305,0.6703,1519793
CRED_0901,0.0599,0.5325,4540512
CRED_0902,0.0164,0.2031,4994490
CRED_0903,0.0535,0.6566,2947706
CRED_0904,0.1499,0.2212,3251473
CRED_0905,0.1111,0.6474,1148657
CRED_0906,0.2242,0.3215,976215
CRED_0907,0.2062,0.7748,3083449
CRED_0908,0.092,0.4208,1499991
CRED_0909,0.0723,0.3962,2561910
CRED_0910,0.1011,0.2893,474528
CRED_0911,0.1517,0.3834,2585610
CRED_0912,0.0743,0.726,2765223
CRED_0913,0.1598,0.7978,662181
CRED_0914,0.1083,0.421,3695525
CRED_0915,0.1425,0.4692,1700824
CRED_0916,0.1147,0.6332,189227
CRED_0917,0.0807,0.7317,1823055
CRED_0918,0.2376,0.5558,742137
CRED_0919,0.1933,0.4349,331854
CRED_0920,0.0436,0.4476,4924196
CRED_0921,0.2184,0.6174,710327
CRED_0922,0.127,0.2019,1707153
CRED_0923,0.2247,0.5718,4395398
CRED_0924,0.202,0.4133,1535255
CRED_0925,0.1121,0.6765,4206004
CRED_0926,0.0154,0.2558,1856684
CRED_0927,0.0745,0.5529,1859858
CRED_0928,0.14,0.4886,529083
CRED_0929,0.162,0.5854,1444316
CRED_0930,0.0719,0.2389,1951740
CRED_0931,0.0434,0.548,4312627
CRED_0932,0.2104,0.5369,4634946
CRED_0933,0.2463,0.5364,2345936
CRED_0934,0.1362,0.5621,4351400
CRED_0935,0.0512,0.6059,4691094
CRED_0936,0.0754,0.683,2757184
CRED_0937,0.0144,0.3619,2962066
CRED_0938,0.2294,0.695,3820771
CRED_0939,0.0383,0.499,1590724
CRED_0940,0.1484,0.2462,2015730
CRED_0941,0.0758,0.2351,4612530
CRED_0942,0.143,0.4005,4370614
CRED_0943,0.1663,0.6709,4133290
CRED_0944,0.2091,0.6246,725673
CRED_0945,0.0595,0.6732,4112224
CRED_0946,0.0126,0.5104,1938529
CRED_0947,0.0429,0.4641,1144316
CRED_0948,0.226,0.2885,4350915
CRED_0949,0.2197,0.3969,1686675
CRED_0950,0.1534,0.4604,756673
CRED_0951,0.1541,0.2532,851849
CRED_0952,0.1696,0.3324,1778665
CRED_0953,0.0521,0.5589,1211068
CRED_0954,0.2295,0.6414,1085891
CRED_0955,0.1105,0.799,803494
CRED_0956,0.102,0.7599,473177
CRED_0957,0.1345,0.5855,692762
CRED_0958,0.0213,0.4527,817876
CRED_0959,0.0499,0.5817,3754697
CRED_0960,0.1871,0.6714,1256184
CRED_0961,0.0299,0.271,1810511
CRED_0962,0.1548,0.4459,4634074
CRED_0963,0.0689,0.7039,3591815
CRED_0964,0.1034,0.4303,96002
CRED_0965,0.0793,0.5431,4660146
CRED_0966,0.0954,0.5527,765339
CRED_0967,0.1826,0.3107,4189289
CRED_0968,0.0813,0.4173,1834006
CRED_0969,0.1459,0.4007,4963478
CRED_0970,0.1243,0.2157,678889
CRED_0971,0.1693,0.2145,2417108
CRED_0972,0.2348,0.699,4639699
CRED_0973,0.1858,0.3638,3894886
CRED_0974,0.0616,0.5108,975779
CRED_0975,0.0175,0.3792,2579832
CRED_0976,0.0729,0.7644,3369151
CRED_0977,0.1528,0.3556,275391
CRED_0978,0.0223,0.4578,241387
CRED_0979,0.1291,0.7236,3682632
CRED_0980,0.1532,0.7052,4658474
CRED_0981,0.0902,0.3117,2834067
CRED_0982,0.195,0.6816,1424073
CRED_0983,0.0356,0.4749,2585394
CRED_0984,0.028,0.4898,4607220
CRED_0985,0.1848,0.2801,4422352
CRED_0986,0.1289,0.2484,1474663
CRED_0987,0.1752,0.6368,2519146
CRED_0988,0.1144,0.4979,3341070
CRED_0989,0.0691,0.4621,736268
CRED_0990,0.2066,0.6377,851955
CRED_0991,0.2019,0.6593,1161009
CRED_0992,0.1767,0.2953,2063148
CRED_0993,0.0753,0.5661,4517223
CRED_0994,0.1517,0.2812,1569593
CRED_0995,0.0966,0.6508,2494291
CRED_0996,0.032,0.5942,197745
CRED_0997,0.2302,0.774,3842824
CRED_0998,0.0428,0.2414,1780992
CRED_0999,0.2381,0.2342,187686
CRED_1000,0.117,0.3693,2117636